{
  "n_in": 1280,
  "H": 32,
  "n_channels": 5,
  "win_len": 256,
  "n_classes": 3,
  "T": 32,
  "leak_shift": 4,
  "threshold_fp": 1.0,
  "w1_scale": 0.008965266032481756,
  "w2_scale": 0.00043027475476264954,
  "theta1_int": 14166,
  "theta2_int": 2324,
  "W1_bytes": 40960,
  "W2_bytes": 96
}