{
  "n_classes": 3,
  "n_samples_attempted": 200,
  "n_samples_valid": 200,
  "round_trip_ms": {
    "mean": 117.00788750080392,
    "median": 117.03294998733327,
    "min": 116.67190003208816,
    "max": 117.63529997551814
  },
  "run_ms": {
    "mean": 8.659377000294626,
    "median": 8.68315005209297
  },
  "accuracy_percent": 98.0,
  "per_class_acc": [
    0.9761904761904762,
    1.0,
    0.9666666666666667
  ],
  "per_class_f1": [
    0.984,
    1.0,
    0.9354838709677419
  ],
  "confusion_matrix": [
    [
      123,
      0,
      3
    ],
    [
      0,
      44,
      0
    ],
    [
      1,
      0,
      29
    ]
  ],
  "predictions": [
    0,
    0,
    0,
    0,
    1,
    1,
    0,
    0,
    0,
    2,
    2,
    0,
    0,
    1,
    1,
    0,
    2,
    2,
    0,
    0,
    0,
    0,
    0,
    0,
    1,
    1,
    0,
    2,
    2,
    0,
    0,
    0,
    0,
    0,
    1,
    1,
    0,
    2,
    2,
    0,
    0,
    0,
    1,
    1,
    2,
    0,
    0,
    1,
    1,
    0,
    2,
    0,
    0,
    0,
    0,
    1,
    1,
    0,
    0,
    0,
    2,
    0,
    0,
    1,
    1,
    0,
    2,
    2,
    0,
    0,
    0,
    0,
    0,
    0,
    1,
    1,
    0,
    0,
    0,
    2,
    0,
    0,
    0,
    0,
    0,
    0,
    1,
    1,
    0,
    0,
    2,
    0,
    1,
    1,
    0,
    0,
    2,
    0,
    0,
    0,
    0,
    0,
    0,
    0,
    1,
    1,
    2,
    2,
    0,
    0,
    0,
    1,
    1,
    0,
    2,
    2,
    0,
    0,
    0,
    1,
    1,
    0,
    2,
    2,
    0,
    0,
    0,
    1,
    2,
    0,
    0,
    0,
    0,
    0,
    1,
    0,
    2,
    2,
    0,
    0,
    0,
    1,
    1,
    0,
    0,
    2,
    0,
    0,
    0,
    0,
    0,
    1,
    1,
    0,
    0,
    2,
    0,
    0,
    0,
    0,
    0,
    1,
    1,
    0,
    2,
    0,
    1,
    1,
    0,
    0,
    2,
    0,
    0,
    0,
    0,
    1,
    1,
    0,
    2,
    0,
    0,
    0,
    0,
    0,
    1,
    1,
    0,
    0,
    2,
    0,
    0,
    0,
    0,
    0,
    1,
    1,
    0,
    0,
    2,
    0
  ],
  "valid_mask": [
    true,
    true,
    true,
    true,
    true,
    true,
    true,
    true,
    true,
    true,
    true,
    true,
    true,
    true,
    true,
    true,
    true,
    true,
    true,
    true,
    true,
    true,
    true,
    true,
    true,
    true,
    true,
    true,
    true,
    true,
    true,
    true,
    true,
    true,
    true,
    true,
    true,
    true,
    true,
    true,
    true,
    true,
    true,
    true,
    true,
    true,
    true,
    true,
    true,
    true,
    true,
    true,
    true,
    true,
    true,
    true,
    true,
    true,
    true,
    true,
    true,
    true,
    true,
    true,
    true,
    true,
    true,
    true,
    true,
    true,
    true,
    true,
    true,
    true,
    true,
    true,
    true,
    true,
    true,
    true,
    true,
    true,
    true,
    true,
    true,
    true,
    true,
    true,
    true,
    true,
    true,
    true,
    true,
    true,
    true,
    true,
    true,
    true,
    true,
    true,
    true,
    true,
    true,
    true,
    true,
    true,
    true,
    true,
    true,
    true,
    true,
    true,
    true,
    true,
    true,
    true,
    true,
    true,
    true,
    true,
    true,
    true,
    true,
    true,
    true,
    true,
    true,
    true,
    true,
    true,
    true,
    true,
    true,
    true,
    true,
    true,
    true,
    true,
    true,
    true,
    true,
    true,
    true,
    true,
    true,
    true,
    true,
    true,
    true,
    true,
    true,
    true,
    true,
    true,
    true,
    true,
    true,
    true,
    true,
    true,
    true,
    true,
    true,
    true,
    true,
    true,
    true,
    true,
    true,
    true,
    true,
    true,
    true,
    true,
    true,
    true,
    true,
    true,
    true,
    true,
    true,
    true,
    true,
    true,
    true,
    true,
    true,
    true,
    true,
    true,
    true,
    true,
    true,
    true,
    true,
    true,
    true,
    true,
    true,
    true
  ],
  "truths": [
    0,
    0,
    0,
    0,
    1,
    1,
    0,
    0,
    0,
    2,
    2,
    0,
    0,
    1,
    1,
    0,
    2,
    2,
    0,
    0,
    0,
    0,
    0,
    0,
    1,
    1,
    0,
    2,
    2,
    0,
    0,
    0,
    0,
    0,
    1,
    1,
    0,
    2,
    2,
    0,
    0,
    0,
    1,
    1,
    2,
    0,
    0,
    1,
    1,
    0,
    2,
    0,
    0,
    0,
    0,
    1,
    1,
    0,
    0,
    0,
    2,
    0,
    0,
    1,
    1,
    0,
    2,
    2,
    0,
    0,
    0,
    0,
    0,
    0,
    1,
    1,
    0,
    0,
    0,
    2,
    0,
    0,
    0,
    0,
    0,
    0,
    1,
    1,
    0,
    0,
    0,
    0,
    1,
    1,
    0,
    0,
    2,
    0,
    0,
    0,
    0,
    0,
    0,
    0,
    1,
    1,
    2,
    0,
    0,
    0,
    0,
    1,
    1,
    0,
    2,
    2,
    0,
    0,
    0,
    1,
    1,
    0,
    2,
    0,
    0,
    0,
    0,
    1,
    2,
    0,
    0,
    0,
    0,
    0,
    1,
    0,
    2,
    2,
    0,
    0,
    0,
    1,
    1,
    0,
    0,
    2,
    2,
    0,
    0,
    0,
    0,
    1,
    1,
    0,
    0,
    2,
    0,
    0,
    0,
    0,
    0,
    1,
    1,
    0,
    2,
    0,
    1,
    1,
    0,
    0,
    2,
    0,
    0,
    0,
    0,
    1,
    1,
    0,
    2,
    0,
    0,
    0,
    0,
    0,
    1,
    1,
    0,
    0,
    2,
    0,
    0,
    0,
    0,
    0,
    1,
    1,
    0,
    0,
    2,
    0
  ]
}