{
  "n_samples_attempted": 200,
  "n_samples_valid": 200,
  "weight_upload_ms": 4482.097600004636,
  "round_trip_ms": {
    "mean": 147.7629465002974,
    "median": 147.74864999344572
  },
  "run_ms": {
    "mean": 128.13903899950674,
    "median": 128.1509999971604
  },
  "accuracy_percent": 86.0,
  "confusion_matrix": [
    [
      105,
      10,
      14
    ],
    [
      2,
      36,
      0
    ],
    [
      2,
      0,
      31
    ]
  ],
  "predictions": [
    0,
    0,
    0,
    1,
    2,
    2,
    0,
    0,
    0,
    1,
    0,
    2,
    2,
    0,
    0,
    0,
    2,
    0,
    0,
    1,
    1,
    1,
    1,
    0,
    2,
    0,
    1,
    0,
    2,
    1,
    2,
    0,
    0,
    0,
    1,
    0,
    0,
    1,
    0,
    2,
    2,
    0,
    0,
    0,
    1,
    0,
    0,
    2,
    2,
    0,
    0,
    2,
    2,
    2,
    0,
    0,
    2,
    0,
    1,
    0,
    0,
    1,
    1,
    1,
    2,
    1,
    0,
    2,
    0,
    0,
    0,
    1,
    0,
    0,
    2,
    0,
    0,
    2,
    2,
    2,
    0,
    1,
    2,
    0,
    0,
    0,
    1,
    0,
    0,
    1,
    2,
    2,
    0,
    1,
    1,
    0,
    0,
    0,
    0,
    1,
    0,
    0,
    0,
    1,
    2,
    2,
    0,
    2,
    0,
    2,
    0,
    0,
    0,
    2,
    0,
    1,
    0,
    0,
    2,
    2,
    0,
    1,
    0,
    1,
    0,
    1,
    0,
    1,
    1,
    1,
    0,
    2,
    0,
    2,
    0,
    0,
    1,
    2,
    0,
    0,
    0,
    0,
    0,
    0,
    1,
    2,
    0,
    1,
    0,
    1,
    0,
    0,
    1,
    0,
    0,
    0,
    2,
    1,
    0,
    1,
    2,
    0,
    0,
    0,
    2,
    0,
    1,
    0,
    2,
    1,
    0,
    2,
    2,
    0,
    0,
    0,
    0,
    0,
    0,
    0,
    1,
    0,
    2,
    0,
    0,
    1,
    0,
    1,
    2,
    0,
    1,
    0,
    0,
    1,
    1,
    0,
    0,
    0,
    0,
    2
  ],
  "valid_mask": [
    true,
    true,
    true,
    true,
    true,
    true,
    true,
    true,
    true,
    true,
    true,
    true,
    true,
    true,
    true,
    true,
    true,
    true,
    true,
    true,
    true,
    true,
    true,
    true,
    true,
    true,
    true,
    true,
    true,
    true,
    true,
    true,
    true,
    true,
    true,
    true,
    true,
    true,
    true,
    true,
    true,
    true,
    true,
    true,
    true,
    true,
    true,
    true,
    true,
    true,
    true,
    true,
    true,
    true,
    true,
    true,
    true,
    true,
    true,
    true,
    true,
    true,
    true,
    true,
    true,
    true,
    true,
    true,
    true,
    true,
    true,
    true,
    true,
    true,
    true,
    true,
    true,
    true,
    true,
    true,
    true,
    true,
    true,
    true,
    true,
    true,
    true,
    true,
    true,
    true,
    true,
    true,
    true,
    true,
    true,
    true,
    true,
    true,
    true,
    true,
    true,
    true,
    true,
    true,
    true,
    true,
    true,
    true,
    true,
    true,
    true,
    true,
    true,
    true,
    true,
    true,
    true,
    true,
    true,
    true,
    true,
    true,
    true,
    true,
    true,
    true,
    true,
    true,
    true,
    true,
    true,
    true,
    true,
    true,
    true,
    true,
    true,
    true,
    true,
    true,
    true,
    true,
    true,
    true,
    true,
    true,
    true,
    true,
    true,
    true,
    true,
    true,
    true,
    true,
    true,
    true,
    true,
    true,
    true,
    true,
    true,
    true,
    true,
    true,
    true,
    true,
    true,
    true,
    true,
    true,
    true,
    true,
    true,
    true,
    true,
    true,
    true,
    true,
    true,
    true,
    true,
    true,
    true,
    true,
    true,
    true,
    true,
    true,
    true,
    true,
    true,
    true,
    true,
    true,
    true,
    true,
    true,
    true,
    true,
    true
  ],
  "truths": [
    0,
    0,
    0,
    1,
    2,
    2,
    0,
    0,
    0,
    1,
    0,
    2,
    2,
    0,
    0,
    2,
    2,
    0,
    0,
    1,
    1,
    1,
    1,
    0,
    2,
    0,
    1,
    0,
    0,
    1,
    2,
    0,
    0,
    0,
    1,
    0,
    0,
    1,
    0,
    0,
    2,
    0,
    0,
    0,
    1,
    0,
    0,
    0,
    2,
    0,
    0,
    2,
    0,
    2,
    0,
    0,
    0,
    0,
    0,
    0,
    0,
    1,
    1,
    0,
    0,
    1,
    0,
    2,
    0,
    0,
    0,
    0,
    0,
    0,
    0,
    0,
    0,
    2,
    2,
    0,
    0,
    0,
    2,
    0,
    0,
    0,
    1,
    0,
    0,
    0,
    2,
    2,
    0,
    1,
    1,
    0,
    0,
    0,
    0,
    0,
    1,
    0,
    0,
    1,
    2,
    0,
    0,
    0,
    0,
    2,
    0,
    0,
    0,
    2,
    0,
    1,
    0,
    0,
    0,
    2,
    0,
    0,
    0,
    0,
    0,
    1,
    0,
    1,
    1,
    1,
    0,
    2,
    0,
    2,
    0,
    0,
    1,
    2,
    0,
    0,
    0,
    0,
    2,
    0,
    1,
    2,
    0,
    0,
    0,
    1,
    0,
    0,
    1,
    0,
    0,
    0,
    2,
    1,
    0,
    1,
    2,
    0,
    0,
    0,
    2,
    0,
    1,
    0,
    0,
    1,
    0,
    0,
    2,
    0,
    0,
    0,
    0,
    0,
    0,
    0,
    1,
    0,
    0,
    0,
    0,
    1,
    0,
    0,
    2,
    0,
    1,
    0,
    0,
    1,
    1,
    0,
    1,
    0,
    0,
    2
  ]
}