{
  "n_samples_attempted": 200,
  "n_samples_valid": 200,
  "weight_upload_ms": 4482.090300007258,
  "round_trip_ms": {
    "mean": 147.73312299803365,
    "median": 147.74355001281947
  },
  "run_ms": {
    "mean": 128.11076499900082,
    "median": 128.12795001082122
  },
  "accuracy_percent": 95.0,
  "confusion_matrix": [
    [
      119,
      1,
      2
    ],
    [
      1,
      40,
      0
    ],
    [
      6,
      0,
      31
    ]
  ],
  "predictions": [
    2,
    1,
    0,
    0,
    2,
    1,
    0,
    2,
    0,
    0,
    1,
    2,
    0,
    0,
    0,
    1,
    0,
    0,
    2,
    0,
    0,
    1,
    0,
    0,
    1,
    0,
    1,
    0,
    0,
    2,
    1,
    0,
    0,
    0,
    0,
    0,
    1,
    0,
    0,
    1,
    0,
    1,
    0,
    2,
    0,
    0,
    1,
    2,
    0,
    1,
    0,
    0,
    0,
    0,
    0,
    0,
    0,
    0,
    2,
    0,
    0,
    2,
    1,
    0,
    0,
    1,
    0,
    2,
    0,
    2,
    0,
    1,
    0,
    0,
    0,
    2,
    1,
    0,
    0,
    0,
    0,
    0,
    0,
    0,
    0,
    0,
    2,
    0,
    0,
    0,
    0,
    1,
    0,
    0,
    0,
    0,
    0,
    1,
    0,
    2,
    0,
    0,
    2,
    1,
    2,
    1,
    2,
    0,
    0,
    0,
    2,
    0,
    0,
    1,
    2,
    0,
    1,
    1,
    0,
    0,
    2,
    0,
    0,
    0,
    0,
    2,
    2,
    0,
    2,
    0,
    0,
    1,
    0,
    1,
    0,
    0,
    0,
    0,
    0,
    1,
    0,
    0,
    1,
    0,
    0,
    0,
    1,
    1,
    0,
    2,
    0,
    0,
    1,
    0,
    0,
    2,
    0,
    1,
    0,
    0,
    0,
    0,
    0,
    0,
    0,
    0,
    2,
    1,
    1,
    0,
    0,
    1,
    0,
    2,
    0,
    0,
    1,
    1,
    0,
    2,
    1,
    1,
    0,
    0,
    2,
    2,
    0,
    0,
    2,
    0,
    0,
    1,
    0,
    0,
    2,
    1,
    0,
    0,
    0,
    0
  ],
  "valid_mask": [
    true,
    true,
    true,
    true,
    true,
    true,
    true,
    true,
    true,
    true,
    true,
    true,
    true,
    true,
    true,
    true,
    true,
    true,
    true,
    true,
    true,
    true,
    true,
    true,
    true,
    true,
    true,
    true,
    true,
    true,
    true,
    true,
    true,
    true,
    true,
    true,
    true,
    true,
    true,
    true,
    true,
    true,
    true,
    true,
    true,
    true,
    true,
    true,
    true,
    true,
    true,
    true,
    true,
    true,
    true,
    true,
    true,
    true,
    true,
    true,
    true,
    true,
    true,
    true,
    true,
    true,
    true,
    true,
    true,
    true,
    true,
    true,
    true,
    true,
    true,
    true,
    true,
    true,
    true,
    true,
    true,
    true,
    true,
    true,
    true,
    true,
    true,
    true,
    true,
    true,
    true,
    true,
    true,
    true,
    true,
    true,
    true,
    true,
    true,
    true,
    true,
    true,
    true,
    true,
    true,
    true,
    true,
    true,
    true,
    true,
    true,
    true,
    true,
    true,
    true,
    true,
    true,
    true,
    true,
    true,
    true,
    true,
    true,
    true,
    true,
    true,
    true,
    true,
    true,
    true,
    true,
    true,
    true,
    true,
    true,
    true,
    true,
    true,
    true,
    true,
    true,
    true,
    true,
    true,
    true,
    true,
    true,
    true,
    true,
    true,
    true,
    true,
    true,
    true,
    true,
    true,
    true,
    true,
    true,
    true,
    true,
    true,
    true,
    true,
    true,
    true,
    true,
    true,
    true,
    true,
    true,
    true,
    true,
    true,
    true,
    true,
    true,
    true,
    true,
    true,
    true,
    true,
    true,
    true,
    true,
    true,
    true,
    true,
    true,
    true,
    true,
    true,
    true,
    true,
    true,
    true,
    true,
    true,
    true,
    true
  ],
  "truths": [
    2,
    1,
    0,
    0,
    2,
    1,
    0,
    2,
    0,
    0,
    1,
    0,
    0,
    0,
    0,
    1,
    2,
    0,
    2,
    0,
    0,
    1,
    0,
    0,
    1,
    0,
    1,
    0,
    0,
    2,
    1,
    0,
    2,
    0,
    0,
    0,
    1,
    0,
    0,
    1,
    0,
    1,
    0,
    2,
    0,
    0,
    1,
    2,
    0,
    1,
    0,
    0,
    0,
    0,
    0,
    0,
    2,
    0,
    2,
    0,
    0,
    2,
    1,
    0,
    0,
    1,
    0,
    2,
    0,
    2,
    0,
    1,
    0,
    0,
    0,
    2,
    1,
    0,
    0,
    0,
    0,
    0,
    0,
    0,
    0,
    0,
    2,
    0,
    0,
    0,
    0,
    1,
    2,
    2,
    0,
    0,
    0,
    1,
    0,
    2,
    1,
    0,
    2,
    1,
    2,
    1,
    2,
    0,
    0,
    0,
    2,
    0,
    2,
    1,
    2,
    0,
    1,
    1,
    0,
    0,
    2,
    0,
    0,
    0,
    0,
    2,
    2,
    0,
    2,
    0,
    0,
    1,
    0,
    1,
    0,
    0,
    0,
    0,
    0,
    1,
    0,
    0,
    1,
    0,
    0,
    0,
    1,
    1,
    0,
    2,
    0,
    0,
    1,
    0,
    0,
    0,
    0,
    0,
    0,
    0,
    0,
    0,
    0,
    0,
    0,
    0,
    2,
    1,
    1,
    0,
    0,
    1,
    0,
    2,
    0,
    0,
    1,
    1,
    0,
    2,
    1,
    1,
    0,
    0,
    2,
    2,
    0,
    0,
    2,
    0,
    0,
    1,
    0,
    0,
    2,
    1,
    0,
    0,
    0,
    0
  ]
}