{
  "n_samples_attempted": 200,
  "n_samples_valid": 200,
  "round_trip_ms": {
    "mean": 27.446417004975956,
    "median": 27.44905001600273,
    "min": 27.046100003644824,
    "max": 27.793000044766814
  },
  "run_ms": {
    "mean": 7.869795003789477,
    "median": 7.8829999547451735
  },
  "accuracy_percent": 96.5,
  "confusion_matrix": [
    [
      121,
      1,
      0
    ],
    [
      0,
      41,
      0
    ],
    [
      6,
      0,
      31
    ]
  ],
  "predictions": [
    2,
    1,
    0,
    0,
    2,
    1,
    0,
    2,
    0,
    0,
    1,
    0,
    0,
    0,
    0,
    1,
    0,
    0,
    2,
    0,
    0,
    1,
    0,
    0,
    1,
    0,
    1,
    0,
    0,
    2,
    1,
    0,
    2,
    0,
    0,
    0,
    1,
    0,
    0,
    1,
    0,
    1,
    0,
    2,
    0,
    0,
    1,
    2,
    0,
    1,
    0,
    0,
    0,
    0,
    0,
    0,
    0,
    0,
    2,
    0,
    0,
    2,
    1,
    0,
    0,
    1,
    0,
    2,
    0,
    2,
    0,
    1,
    0,
    0,
    0,
    2,
    1,
    0,
    0,
    0,
    0,
    0,
    0,
    0,
    0,
    0,
    2,
    0,
    0,
    0,
    0,
    1,
    0,
    2,
    0,
    0,
    0,
    1,
    0,
    2,
    1,
    0,
    2,
    1,
    2,
    1,
    2,
    0,
    0,
    0,
    0,
    0,
    0,
    1,
    2,
    0,
    1,
    1,
    0,
    0,
    2,
    0,
    0,
    0,
    0,
    2,
    2,
    0,
    2,
    0,
    0,
    1,
    0,
    1,
    0,
    0,
    0,
    0,
    0,
    1,
    0,
    0,
    1,
    0,
    0,
    0,
    1,
    1,
    0,
    2,
    0,
    0,
    1,
    0,
    0,
    0,
    0,
    1,
    0,
    0,
    0,
    0,
    0,
    0,
    0,
    0,
    2,
    1,
    1,
    0,
    0,
    1,
    0,
    2,
    0,
    0,
    1,
    1,
    0,
    0,
    1,
    1,
    0,
    0,
    2,
    2,
    0,
    0,
    2,
    0,
    0,
    1,
    0,
    0,
    2,
    1,
    0,
    0,
    0,
    0
  ],
  "valid_mask": [
    true,
    true,
    true,
    true,
    true,
    true,
    true,
    true,
    true,
    true,
    true,
    true,
    true,
    true,
    true,
    true,
    true,
    true,
    true,
    true,
    true,
    true,
    true,
    true,
    true,
    true,
    true,
    true,
    true,
    true,
    true,
    true,
    true,
    true,
    true,
    true,
    true,
    true,
    true,
    true,
    true,
    true,
    true,
    true,
    true,
    true,
    true,
    true,
    true,
    true,
    true,
    true,
    true,
    true,
    true,
    true,
    true,
    true,
    true,
    true,
    true,
    true,
    true,
    true,
    true,
    true,
    true,
    true,
    true,
    true,
    true,
    true,
    true,
    true,
    true,
    true,
    true,
    true,
    true,
    true,
    true,
    true,
    true,
    true,
    true,
    true,
    true,
    true,
    true,
    true,
    true,
    true,
    true,
    true,
    true,
    true,
    true,
    true,
    true,
    true,
    true,
    true,
    true,
    true,
    true,
    true,
    true,
    true,
    true,
    true,
    true,
    true,
    true,
    true,
    true,
    true,
    true,
    true,
    true,
    true,
    true,
    true,
    true,
    true,
    true,
    true,
    true,
    true,
    true,
    true,
    true,
    true,
    true,
    true,
    true,
    true,
    true,
    true,
    true,
    true,
    true,
    true,
    true,
    true,
    true,
    true,
    true,
    true,
    true,
    true,
    true,
    true,
    true,
    true,
    true,
    true,
    true,
    true,
    true,
    true,
    true,
    true,
    true,
    true,
    true,
    true,
    true,
    true,
    true,
    true,
    true,
    true,
    true,
    true,
    true,
    true,
    true,
    true,
    true,
    true,
    true,
    true,
    true,
    true,
    true,
    true,
    true,
    true,
    true,
    true,
    true,
    true,
    true,
    true,
    true,
    true,
    true,
    true,
    true,
    true
  ],
  "truths": [
    2,
    1,
    0,
    0,
    2,
    1,
    0,
    2,
    0,
    0,
    1,
    0,
    0,
    0,
    0,
    1,
    2,
    0,
    2,
    0,
    0,
    1,
    0,
    0,
    1,
    0,
    1,
    0,
    0,
    2,
    1,
    0,
    2,
    0,
    0,
    0,
    1,
    0,
    0,
    1,
    0,
    1,
    0,
    2,
    0,
    0,
    1,
    2,
    0,
    1,
    0,
    0,
    0,
    0,
    0,
    0,
    2,
    0,
    2,
    0,
    0,
    2,
    1,
    0,
    0,
    1,
    0,
    2,
    0,
    2,
    0,
    1,
    0,
    0,
    0,
    2,
    1,
    0,
    0,
    0,
    0,
    0,
    0,
    0,
    0,
    0,
    2,
    0,
    0,
    0,
    0,
    1,
    2,
    2,
    0,
    0,
    0,
    1,
    0,
    2,
    1,
    0,
    2,
    1,
    2,
    1,
    2,
    0,
    0,
    0,
    2,
    0,
    2,
    1,
    2,
    0,
    1,
    1,
    0,
    0,
    2,
    0,
    0,
    0,
    0,
    2,
    2,
    0,
    2,
    0,
    0,
    1,
    0,
    1,
    0,
    0,
    0,
    0,
    0,
    1,
    0,
    0,
    1,
    0,
    0,
    0,
    1,
    1,
    0,
    2,
    0,
    0,
    1,
    0,
    0,
    0,
    0,
    0,
    0,
    0,
    0,
    0,
    0,
    0,
    0,
    0,
    2,
    1,
    1,
    0,
    0,
    1,
    0,
    2,
    0,
    0,
    1,
    1,
    0,
    2,
    1,
    1,
    0,
    0,
    2,
    2,
    0,
    0,
    2,
    0,
    0,
    1,
    0,
    0,
    2,
    1,
    0,
    0,
    0,
    0
  ]
}