{
  "ckpt": "C:\\Users\\Neko\\Documents\\neko142-essay\\30_SRTP\\SCG-CNN-on-Anlogic-EG4S20\\model\\ckpt\\best_holdout_snn.pt",
  "id_data": "C:\\Users\\Neko\\Documents\\neko142-essay\\30_SRTP\\SCG-CNN-on-Anlogic-EG4S20\\data_excl100\\val.npz",
  "ood_data": "C:\\Users\\Neko\\Documents\\neko142-essay\\30_SRTP\\SCG-CNN-on-Anlogic-EG4S20\\data_excl100\\holdout.npz",
  "leak_shift": 4,
  "T": 32,
  "H": 64,
  "theta1_int": 44012,
  "theta2_int": 660,
  "n_id": 11601,
  "n_ood": 9660,
  "acc_id": 0.9371605896043445,
  "acc_ood_baseline": 0.7772256728778468,
  "per_subject_baseline": {
    "b002": {
      "acc": 0.6544535691724573,
      "macro_f1": 0.3894018743045304,
      "n": 3166
    },
    "b007": {
      "acc": 0.686286594761171,
      "macro_f1": 0.36686249538062876,
      "n": 3245
    },
    "b015": {
      "acc": 0.9876885195444752,
      "macro_f1": 0.9823886366518398,
      "n": 3249
    }
  },
  "auroc_ood_detection": {
    "margin": 0.589730091771035,
    "sc_max": 0.5218847319158808,
    "sc_sum": 0.3706480076012013,
    "entropy_neg": 0.5852994182868694,
    "entropy_norm": 0.5852994182868694,
    "hidden_fr": 0.58741043102712,
    "hidden_active": 0.47926835316281524,
    "first_out_neg": 0.5906534047959947
  },
  "auroc_correct_vs_wrong": {
    "margin": 0.839200391948712,
    "sc_max": 0.6575012056532511,
    "sc_sum": 0.3039875186418254,
    "entropy_neg": 0.8483911460984368,
    "entropy_norm": 0.8483912079902876,
    "hidden_fr": 0.6673490036897446,
    "hidden_active": 0.5350680463763064,
    "first_out_neg": 0.678742488805002
  },
  "tau_recommended": 3,
  "tau_rule": "sel_acc_ood>=0.90 AND cov_ood>=0.50, max coverage",
  "tau_metrics": {
    "cov_id": 0.8143263511766227,
    "sel_acc_id": 0.9836985286334285,
    "cov_ood": 0.722567287784679,
    "sel_acc_ood": 0.9120343839541547,
    "per_subj_cov": {
      "b002": 0.5881238155401137,
      "b007": 0.6702619414483821,
      "b015": 0.9058171745152355
    },
    "per_subj_acc": {
      "b002": 0.8582169709989259,
      "b007": 0.8413793103448276,
      "b015": 0.9983010533469249
    }
  },
  "sweep": [
    {
      "tau": 0,
      "cov_id": 1.0,
      "sel_acc_id": 0.9371605896043445,
      "cov_ood": 1.0,
      "sel_acc_ood": 0.7772256728778468,
      "per_subj_cov": {
        "b002": 1.0,
        "b007": 1.0,
        "b015": 1.0
      },
      "per_subj_acc": {
        "b002": 0.6544535691724573,
        "b007": 0.686286594761171,
        "b015": 0.9876885195444752
      }
    },
    {
      "tau": 1,
      "cov_id": 0.9698301870528403,
      "sel_acc_id": 0.9507599324504489,
      "cov_ood": 0.9455486542443065,
      "sel_acc_ood": 0.8004160280271513,
      "per_subj_cov": {
        "b002": 0.9156664560960203,
        "b007": 0.9315870570107858,
        "b015": 0.9886118805786396
      },
      "per_subj_acc": {
        "b002": 0.6729906864436013,
        "b007": 0.7211379424412835,
        "b015": 0.9900373599003736
      }
    },
    {
      "tau": 2,
      "cov_id": 0.9023360055167658,
      "sel_acc_id": 0.9713412304165074,
      "cov_ood": 0.831055900621118,
      "sel_acc_ood": 0.8566268061783757,
      "per_subj_cov": {
        "b002": 0.7457359444093493,
        "b007": 0.7852080123266564,
        "b015": 0.9599876885195445
      },
      "per_subj_acc": {
        "b002": 0.7518000847098687,
        "b007": 0.7849293563579278,
        "b015": 0.9945495351074062
      }
    },
    {
      "tau": 3,
      "cov_id": 0.8143263511766227,
      "sel_acc_id": 0.9836985286334285,
      "cov_ood": 0.722567287784679,
      "sel_acc_ood": 0.9120343839541547,
      "per_subj_cov": {
        "b002": 0.5881238155401137,
        "b007": 0.6702619414483821,
        "b015": 0.9058171745152355
      },
      "per_subj_acc": {
        "b002": 0.8582169709989259,
        "b007": 0.8413793103448276,
        "b015": 0.9983010533469249
      }
    },
    {
      "tau": 4,
      "cov_id": 0.6884751314541849,
      "sel_acc_id": 0.9916113684737698,
      "cov_ood": 0.59648033126294,
      "sel_acc_ood": 0.953141270392225,
      "per_subj_cov": {
        "b002": 0.4516740366392925,
        "b007": 0.5503852080123267,
        "b015": 0.783625730994152
      },
      "per_subj_acc": {
        "b002": 0.9482517482517483,
        "b007": 0.8913773796192609,
        "b015": 0.9992144540455616
      }
    },
    {
      "tau": 5,
      "cov_id": 0.47133867770019827,
      "sel_acc_id": 0.9946964155084126,
      "cov_ood": 0.4096273291925466,
      "sel_acc_ood": 0.9701794288602477,
      "per_subj_cov": {
        "b002": 0.3035375868603917,
        "b007": 0.3778120184899846,
        "b015": 0.5447830101569714
      },
      "per_subj_acc": {
        "b002": 0.9854318418314256,
        "b007": 0.9159869494290375,
        "b015": 0.9994350282485875
      }
    },
    {
      "tau": 6,
      "cov_id": 0.1684337557107146,
      "sel_acc_id": 0.9984646878198568,
      "cov_ood": 0.13612836438923395,
      "sel_acc_ood": 0.9961977186311787,
      "per_subj_cov": {
        "b002": 0.09854706253948199,
        "b007": 0.10755007704160247,
        "b015": 0.2012927054478301
      },
      "per_subj_acc": {
        "b002": 0.9967948717948718,
        "b007": 0.9885386819484241,
        "b015": 1.0
      }
    },
    {
      "tau": 7,
      "cov_id": 0.026377036462373934,
      "sel_acc_id": 1.0,
      "cov_ood": 0.015527950310559006,
      "sel_acc_ood": 1.0,
      "per_subj_cov": {
        "b002": 0.002526847757422615,
        "b007": 0.0061633281972265025,
        "b015": 0.03755001538935057
      },
      "per_subj_acc": {
        "b002": 1.0,
        "b007": 1.0,
        "b015": 1.0
      }
    },
    {
      "tau": 8,
      "cov_id": 0.0031893802258425997,
      "sel_acc_id": 1.0,
      "cov_ood": 0.0014492753623188406,
      "sel_acc_ood": 1.0,
      "per_subj_cov": {
        "b002": 0.0003158559696778269,
        "b007": 0.0,
        "b015": 0.0040012311480455524
      },
      "per_subj_acc": {
        "b002": 1.0,
        "b007": 0.0,
        "b015": 1.0
      }
    },
    {
      "tau": 9,
      "cov_id": 0.000344797862253254,
      "sel_acc_id": 1.0,
      "cov_ood": 0.00020703933747412008,
      "sel_acc_ood": 1.0,
      "per_subj_cov": {
        "b002": 0.0003158559696778269,
        "b007": 0.0,
        "b015": 0.0003077870113881194
      },
      "per_subj_acc": {
        "b002": 1.0,
        "b007": 0.0,
        "b015": 1.0
      }
    },
    {
      "tau": 10,
      "cov_id": 0.0,
      "sel_acc_id": 0.0,
      "cov_ood": 0.0,
      "sel_acc_ood": 0.0,
      "per_subj_cov": {
        "b002": 0.0,
        "b007": 0.0,
        "b015": 0.0
      },
      "per_subj_acc": {
        "b002": 0.0,
        "b007": 0.0,
        "b015": 0.0
      }
    }
  ]
}