{
  "foster_data": "data_foster_multi\\all.npz",
  "cebs_data": "data_excl100\\all.npz",
  "ckpt": "model\\ckpt\\best_multimodal_final.pt",
  "acc_slot_used": 2,
  "modalities": [
    "PVDF",
    "PZT",
    "ACC",
    "PCG",
    "ERB"
  ],
  "epochs": 25,
  "n_train": 182759,
  "n_internal_val": 20249,
  "internal_val_acc": 0.9279964442688527,
  "n_cebs_test": 58006,
  "cebs_acc": 0.7050477536806538,
  "cebs_macro_f1": 0.6023225328398599,
  "cebs_per_class_f1": [
    0.8134558288051089,
    0.6801854434435189,
    0.313326326270952
  ],
  "cebs_confusion_matrix": [
    [
      29042,
      2278,
      4266
    ],
    [
      2418,
      9023,
      421
    ],
    [
      4358,
      3368,
      2832
    ]
  ],
  "cebs_per_subject": {
    "b001": {
      "n": 2905,
      "acc": 0.617211703958692,
      "macro_f1": 0.5181329937186644
    },
    "b002": {
      "n": 3166,
      "acc": 0.63518635502211,
      "macro_f1": 0.5010021864772501
    },
    "b003": {
      "n": 3244,
      "acc": 0.6535141800246609,
      "macro_f1": 0.5564344887208049
    },
    "b004": {
      "n": 3210,
      "acc": 0.7651090342679128,
      "macro_f1": 0.7185431180833737
    },
    "b005": {
      "n": 3287,
      "acc": 0.6610891390325525,
      "macro_f1": 0.5717774221301725
    },
    "b007": {
      "n": 3245,
      "acc": 0.7285053929121725,
      "macro_f1": 0.6395814031852017
    },
    "b008": {
      "n": 3072,
      "acc": 0.7965494791666666,
      "macro_f1": 0.5743975045583146
    },
    "b009": {
      "n": 3282,
      "acc": 0.7004875076173065,
      "macro_f1": 0.5729115871971576
    },
    "b010": {
      "n": 3227,
      "acc": 0.6293771304617292,
      "macro_f1": 0.43403985933330785
    },
    "b011": {
      "n": 3255,
      "acc": 0.7044546850998464,
      "macro_f1": 0.5320976394451264
    },
    "b012": {
      "n": 3331,
      "acc": 0.6847793455418794,
      "macro_f1": 0.5301931582556759
    },
    "b013": {
      "n": 3299,
      "acc": 0.7708396483782964,
      "macro_f1": 0.7386954532202555
    },
    "b014": {
      "n": 3236,
      "acc": 0.6742892459826947,
      "macro_f1": 0.523751165926641
    },
    "b015": {
      "n": 3249,
      "acc": 0.7691597414589104,
      "macro_f1": 0.6439984578313233
    },
    "b016": {
      "n": 3302,
      "acc": 0.7122955784373107,
      "macro_f1": 0.5938795766101821
    },
    "b017": {
      "n": 3254,
      "acc": 0.6564228641671789,
      "macro_f1": 0.5653746723275688
    },
    "b018": {
      "n": 3227,
      "acc": 0.6671831422373722,
      "macro_f1": 0.5487562238128257
    },
    "b019": {
      "n": 3215,
      "acc": 0.8597200622083981,
      "macro_f1": 0.8400710838348115
    }
  }
}