{
  "model": "cnn",
  "folds": 5,
  "epochs": 30,
  "data_source": "data_excl100\\all.npz",
  "fold_results": [
    {
      "fold": 0,
      "val_subjects": [
        "b001",
        "b011",
        "b012",
        "b015"
      ],
      "n_train": 45266,
      "n_val": 12740,
      "best_val_acc": 0.8218210361067504,
      "best_train_acc": 0.9439586292613636,
      "train_val_gap": 0.12213759315461326,
      "per_class_acc": [
        0.910702646330335,
        0.7079169869331283,
        0.665585731657884
      ],
      "confusion_matrix": [
        [
          6986,
          390,
          295
        ],
        [
          536,
          1842,
          224
        ],
        [
          468,
          357,
          1642
        ]
      ]
    },
    {
      "fold": 1,
      "val_subjects": [
        "b002",
        "b016",
        "b018",
        "b019"
      ],
      "n_train": 45096,
      "n_val": 12910,
      "best_val_acc": 0.8271882261812549,
      "best_train_acc": 0.956787109375,
      "train_val_gap": 0.12959888319374513,
      "per_class_acc": [
        0.9430658773145233,
        0.6374668183541904,
        0.6473864610111397
      ],
      "confusion_matrix": [
        [
          7487,
          186,
          266
        ],
        [
          881,
          1681,
          75
        ],
        [
          719,
          104,
          1511
        ]
      ]
    },
    {
      "fold": 2,
      "val_subjects": [
        "b005",
        "b008",
        "b010",
        "b017"
      ],
      "n_train": 45166,
      "n_val": 12840,
      "best_val_acc": 0.7833333333333333,
      "best_train_acc": 0.9647993607954546,
      "train_val_gap": 0.18146602746212126,
      "per_class_acc": [
        0.9120020171457388,
        0.652370990237099,
        0.46715686274509804
      ],
      "confusion_matrix": [
        [
          7234,
          140,
          558
        ],
        [
          346,
          1871,
          651
        ],
        [
          1041,
          46,
          953
        ]
      ]
    },
    {
      "fold": 3,
      "val_subjects": [
        "b007",
        "b013",
        "b014"
      ],
      "n_train": 48226,
      "n_val": 9780,
      "best_val_acc": 0.7427402862985685,
      "best_train_acc": 0.9668799867021277,
      "train_val_gap": 0.22413970040355924,
      "per_class_acc": [
        0.9231022558867117,
        0.5422008547008547,
        0.35040871934604906
      ],
      "confusion_matrix": [
        [
          5606,
          254,
          213
        ],
        [
          327,
          1015,
          530
        ],
        [
          541,
          651,
          643
        ]
      ]
    },
    {
      "fold": 4,
      "val_subjects": [
        "b003",
        "b004",
        "b009"
      ],
      "n_train": 48270,
      "n_val": 9736,
      "best_val_acc": 0.8088537387017255,
      "best_train_acc": 0.9676072140957447,
      "train_val_gap": 0.15875347539401918,
      "per_class_acc": [
        0.9181041701557529,
        0.6866702071163038,
        0.5844845908607864
      ],
      "confusion_matrix": [
        [
          5482,
          304,
          185
        ],
        [
          567,
          1293,
          23
        ],
        [
          493,
          289,
          1100
        ]
      ]
    }
  ],
  "val_acc": {
    "mean": 0.7967873241243265,
    "std": 0.03463593548682719,
    "min": 0.7427402862985685,
    "max": 0.8271882261812549
  },
  "train_acc": {
    "mean": 0.9600064600459381,
    "std": 0.009948439828014757
  },
  "mean_train_val_gap": 0.1632191359216116,
  "elapsed_sec": 1840.040164232254
}