{
  "data": "data_foster_multi\\all.npz",
  "folds": 5,
  "epochs": 30,
  "n_channels": 5,
  "n_in": 256,
  "n_classes": 3,
  "fold_results": [
    {
      "fold": 0,
      "val_subjects": [
        "sub003",
        "sub006",
        "sub009",
        "sub013",
        "sub020",
        "sub021",
        "sub024",
        "sub026"
      ],
      "n_train": 162433,
      "n_val": 40575,
      "best_val_acc": 0.9458287122612447,
      "best_train_acc": 0.9781705934542587,
      "train_val_gap": 0.032341881193014066,
      "per_class_f1": [
        0.970771144278607,
        0.9423247559893523,
        0.8501055594651654
      ],
      "macro_f1": 0.9210671532443749,
      "confusion_matrix": [
        [
          24976,
          109,
          630
        ],
        [
          172,
          7965,
          150
        ],
        [
          593,
          544,
          5436
        ]
      ]
    },
    {
      "fold": 1,
      "val_subjects": [
        "sub008",
        "sub010",
        "sub012",
        "sub017",
        "sub018",
        "sub031",
        "sub033",
        "sub038"
      ],
      "n_train": 161142,
      "n_val": 41866,
      "best_val_acc": 0.9461137916208857,
      "best_train_acc": 0.954783137917329,
      "train_val_gap": 0.008669346296443337,
      "per_class_f1": [
        0.9661810419085427,
        0.9487360376249265,
        0.8623123123123123
      ],
      "macro_f1": 0.9257431306152605,
      "confusion_matrix": [
        [
          25798,
          145,
          469
        ],
        [
          277,
          8069,
          232
        ],
        [
          915,
          218,
          5743
        ]
      ]
    },
    {
      "fold": 2,
      "val_subjects": [
        "sub002",
        "sub011",
        "sub014",
        "sub015",
        "sub016",
        "sub025",
        "sub028",
        "sub037"
      ],
      "n_train": 163190,
      "n_val": 39818,
      "best_val_acc": 0.9344768697573962,
      "best_train_acc": 0.9824126766091051,
      "train_val_gap": 0.04793580685170895,
      "per_class_f1": [
        0.9569594568228821,
        0.9601035394744246,
        0.7829610781264725
      ],
      "macro_f1": 0.9000080248079264,
      "confusion_matrix": [
        [
          24524,
          35,
          1034
        ],
        [
          271,
          8531,
          253
        ],
        [
          866,
          150,
          4154
        ]
      ]
    },
    {
      "fold": 3,
      "val_subjects": [
        "sub001",
        "sub004",
        "sub023",
        "sub027",
        "sub029",
        "sub030",
        "sub032",
        "sub040"
      ],
      "n_train": 162531,
      "n_val": 40477,
      "best_val_acc": 0.9342836672678311,
      "best_train_acc": 0.9736543769716088,
      "train_val_gap": 0.03937070970377776,
      "per_class_f1": [
        0.9605686436923314,
        0.9376336421952958,
        0.8178615321589513
      ],
      "macro_f1": 0.9053546060155262,
      "confusion_matrix": [
        [
          24933,
          62,
          576
        ],
        [
          375,
          7893,
          288
        ],
        [
          1034,
          325,
          4991
        ]
      ]
    },
    {
      "fold": 4,
      "val_subjects": [
        "sub005",
        "sub007",
        "sub019",
        "sub022",
        "sub034",
        "sub035",
        "sub036",
        "sub039"
      ],
      "n_train": 162736,
      "n_val": 40272,
      "best_val_acc": 0.8949890742947954,
      "best_train_acc": 0.985076279527559,
      "train_val_gap": 0.0900872052327637,
      "per_class_f1": [
        0.9510839878698838,
        0.8778367393022468,
        0.6203922373960365
      ],
      "macro_f1": 0.8164376548560557,
      "confusion_matrix": [
        [
          25247,
          96,
          1296
        ],
        [
          436,
          7775,
          623
        ],
        [
          769,
          1009,
          3021
        ]
      ]
    }
  ],
  "val_acc": {
    "mean": 0.9311384230404306,
    "std": 0.021023079365171643,
    "min": 0.8949890742947954,
    "max": 0.9461137916208857
  },
  "macro_f1": {
    "mean": 0.8937221139078287,
    "std": 0.04449947147635486,
    "min": 0.8164376548560557,
    "max": 0.9257431306152605
  },
  "elapsed_sec": 2868.616989135742
}