{
  "data": "data_foster_multi\\all.npz",
  "folds": 10,
  "epochs": 12,
  "n_channels": 5,
  "n_in": 256,
  "n_classes": 3,
  "fold_results": [
    {
      "fold": 0,
      "val_subjects": [
        "sub006",
        "sub020",
        "sub024",
        "sub026"
      ],
      "n_train": 182761,
      "n_val": 20247,
      "best_val_acc": 0.9430532918457055,
      "best_train_acc": 0.9777787517531557,
      "train_val_gap": 0.03472545990745013,
      "per_class_f1": [
        0.9648020355449324,
        0.957017443849048,
        0.8243430152143845
      ],
      "macro_f1": 0.9153874982027883,
      "confusion_matrix": [
        [
          12513,
          48,
          444
        ],
        [
          89,
          4197,
          112
        ],
        [
          332,
          128,
          2384
        ]
      ]
    },
    {
      "fold": 1,
      "val_subjects": [
        "sub010",
        "sub012",
        "sub017",
        "sub033"
      ],
      "n_train": 182338,
      "n_val": 20670,
      "best_val_acc": 0.9502177068214804,
      "best_train_acc": 0.9639110779494382,
      "train_val_gap": 0.013693371127957765,
      "per_class_f1": [
        0.9707880434782609,
        0.9450926561427591,
        0.8682399213372665
      ],
      "macro_f1": 0.9280402069860955,
      "confusion_matrix": [
        [
          12861,
          82,
          235
        ],
        [
          143,
          4131,
          161
        ],
        [
          314,
          94,
          2649
        ]
      ]
    },
    {
      "fold": 2,
      "val_subjects": [
        "sub002",
        "sub011",
        "sub014",
        "sub016"
      ],
      "n_train": 182917,
      "n_val": 20091,
      "best_val_acc": 0.9447513812154696,
      "best_train_acc": 0.9766828606442577,
      "train_val_gap": 0.031931479428788045,
      "per_class_f1": [
        0.9624565469293164,
        0.9623776388725086,
        0.840185790469637
      ],
      "macro_f1": 0.9216733254238206,
      "confusion_matrix": [
        [
          12459,
          9,
          266
        ],
        [
          172,
          4080,
          109
        ],
        [
          525,
          29,
          2442
        ]
      ]
    },
    {
      "fold": 3,
      "val_subjects": [
        "sub023",
        "sub027",
        "sub030",
        "sub032"
      ],
      "n_train": 181206,
      "n_val": 21802,
      "best_val_acc": 0.9253279515640767,
      "best_train_acc": 0.9773525901697313,
      "train_val_gap": 0.05202463860565465,
      "per_class_f1": [
        0.94908408035999,
        0.9564639415088069,
        0.7755744412968208
      ],
      "macro_f1": 0.8937074877218727,
      "confusion_matrix": [
        [
          13393,
          24,
          258
        ],
        [
          178,
          4317,
          122
        ],
        [
          977,
          69,
          2464
        ]
      ]
    },
    {
      "fold": 4,
      "val_subjects": [
        "sub005",
        "sub019",
        "sub022",
        "sub035"
      ],
      "n_train": 183349,
      "n_val": 19659,
      "best_val_acc": 0.9207996337555319,
      "best_train_acc": 0.977942781075419,
      "train_val_gap": 0.05714314731988712,
      "per_class_f1": [
        0.956498012005925,
        0.9339733333333333,
        0.6784798321287013
      ],
      "macro_f1": 0.8563170591559865,
      "confusion_matrix": [
        [
          12269,
          40,
          681
        ],
        [
          138,
          4378,
          166
        ],
        [
          257,
          275,
          1455
        ]
      ]
    },
    {
      "fold": 5,
      "val_subjects": [
        "sub003",
        "sub009",
        "sub013",
        "sub021"
      ],
      "n_train": 182680,
      "n_val": 20328,
      "best_val_acc": 0.9601534828807556,
      "best_train_acc": 0.9721686535764376,
      "train_val_gap": 0.01201517069568192,
      "per_class_f1": [
        0.9811070858166803,
        0.9422632794457275,
        0.9047420386594354
      ],
      "macro_f1": 0.9427041346406143,
      "confusion_matrix": [
        [
          12593,
          23,
          94
        ],
        [
          102,
          3672,
          115
        ],
        [
          266,
          210,
          3253
        ]
      ]
    },
    {
      "fold": 6,
      "val_subjects": [
        "sub008",
        "sub018",
        "sub031",
        "sub038"
      ],
      "n_train": 181812,
      "n_val": 21196,
      "best_val_acc": 0.9522551424797131,
      "best_train_acc": 0.9709727112676056,
      "train_val_gap": 0.018717568787892547,
      "per_class_f1": [
        0.9670264893342667,
        0.9683567501527184,
        0.8768403171007928
      ],
      "macro_f1": 0.937407852195926,
      "confusion_matrix": [
        [
          13124,
          19,
          91
        ],
        [
          123,
          3963,
          57
        ],
        [
          662,
          60,
          3097
        ]
      ]
    },
    {
      "fold": 7,
      "val_subjects": [
        "sub015",
        "sub025",
        "sub028",
        "sub037"
      ],
      "n_train": 183281,
      "n_val": 19727,
      "best_val_acc": 0.9238100065899528,
      "best_train_acc": 0.9783489947552447,
      "train_val_gap": 0.0545389881652919,
      "per_class_f1": [
        0.9549061042223197,
        0.9463246389308041,
        0.7297350343473994
      ],
      "macro_f1": 0.8769885925001745,
      "confusion_matrix": [
        [
          11975,
          43,
          841
        ],
        [
          83,
          4390,
          221
        ],
        [
          164,
          151,
          1859
        ]
      ]
    },
    {
      "fold": 8,
      "val_subjects": [
        "sub001",
        "sub004",
        "sub029",
        "sub040"
      ],
      "n_train": 184333,
      "n_val": 18675,
      "best_val_acc": 0.9527710843373494,
      "best_train_acc": 0.9782606336805556,
      "train_val_gap": 0.02548954934320624,
      "per_class_f1": [
        0.9755156800268321,
        0.9480682388359257,
        0.8613825551936302
      ],
      "macro_f1": 0.9283221580187959,
      "confusion_matrix": [
        [
          11634,
          16,
          246
        ],
        [
          100,
          3779,
          60
        ],
        [
          222,
          238,
          2380
        ]
      ]
    },
    {
      "fold": 9,
      "val_subjects": [
        "sub007",
        "sub034",
        "sub036",
        "sub039"
      ],
      "n_train": 182395,
      "n_val": 20613,
      "best_val_acc": 0.88536360549168,
      "best_train_acc": 0.9710652212078652,
      "train_val_gap": 0.08570161571618518,
      "per_class_f1": [
        0.9546393273344151,
        0.840843720038351,
        0.6240027748872702
      ],
      "macro_f1": 0.8064952740866788,
      "confusion_matrix": [
        [
          12943,
          73,
          633
        ],
        [
          122,
          3508,
          522
        ],
        [
          402,
          611,
          1799
        ]
      ]
    }
  ],
  "val_acc": {
    "mean": 0.9358503286981715,
    "std": 0.022397243315977568,
    "min": 0.88536360549168,
    "max": 0.9601534828807556
  },
  "macro_f1": {
    "mean": 0.9007043588932753,
    "std": 0.04311920036382772,
    "min": 0.8064952740866788,
    "max": 0.9427041346406143
  },
  "elapsed_sec": 2632.969558954239
}