{
  "model": "snn",
  "folds": 5,
  "epochs": 30,
  "data_source": "data_excl100\\all.npz",
  "fold_results": [
    {
      "fold": 0,
      "val_subjects": [
        "b001",
        "b011",
        "b012",
        "b015"
      ],
      "n_train": 45266,
      "n_val": 12740,
      "best_val_acc": 0.8734693877551021,
      "best_train_acc": 0.9547230113636364,
      "train_val_gap": 0.08125362360853428,
      "per_class_acc": [
        0.9590666145222265,
        0.8489623366641046,
        0.6331576813944062
      ],
      "confusion_matrix": [
        [
          7357,
          150,
          164
        ],
        [
          336,
          2209,
          57
        ],
        [
          423,
          482,
          1562
        ]
      ]
    },
    {
      "fold": 1,
      "val_subjects": [
        "b002",
        "b016",
        "b018",
        "b019"
      ],
      "n_train": 45096,
      "n_val": 12910,
      "best_val_acc": 0.826026336173509,
      "best_train_acc": 0.9543013139204546,
      "train_val_gap": 0.12827497774694563,
      "per_class_acc": [
        0.9772011588361255,
        0.5866514979142965,
        0.5822622107969152
      ],
      "confusion_matrix": [
        [
          7758,
          75,
          106
        ],
        [
          649,
          1547,
          441
        ],
        [
          680,
          295,
          1359
        ]
      ]
    },
    {
      "fold": 2,
      "val_subjects": [
        "b005",
        "b008",
        "b010",
        "b017"
      ],
      "n_train": 45166,
      "n_val": 12840,
      "best_val_acc": 0.8476635514018691,
      "best_train_acc": 0.9820445667613636,
      "train_val_gap": 0.13438101535949454,
      "per_class_acc": [
        0.9611699445284921,
        0.7032775453277545,
        0.609313725490196
      ],
      "confusion_matrix": [
        [
          7624,
          75,
          233
        ],
        [
          333,
          2017,
          518
        ],
        [
          641,
          156,
          1243
        ]
      ]
    },
    {
      "fold": 3,
      "val_subjects": [
        "b007",
        "b013",
        "b014"
      ],
      "n_train": 48226,
      "n_val": 9780,
      "best_val_acc": 0.8521472392638036,
      "best_train_acc": 0.9622672872340425,
      "train_val_gap": 0.11012004797023889,
      "per_class_acc": [
        0.9766178165651244,
        0.6447649572649573,
        0.6517711171662125
      ],
      "confusion_matrix": [
        [
          5931,
          74,
          68
        ],
        [
          529,
          1207,
          136
        ],
        [
          383,
          256,
          1196
        ]
      ]
    },
    {
      "fold": 4,
      "val_subjects": [
        "b003",
        "b004",
        "b009"
      ],
      "n_train": 48270,
      "n_val": 9736,
      "best_val_acc": 0.8747945768282662,
      "best_train_acc": 0.9659449800531915,
      "train_val_gap": 0.09115040322492529,
      "per_class_acc": [
        0.9700217718975046,
        0.8199681359532661,
        0.6275239107332625
      ],
      "confusion_matrix": [
        [
          5792,
          60,
          119
        ],
        [
          215,
          1544,
          124
        ],
        [
          557,
          144,
          1181
        ]
      ]
    }
  ],
  "val_acc": {
    "mean": 0.85482021828451,
    "std": 0.020212724123147292,
    "min": 0.826026336173509,
    "max": 0.8747945768282662
  },
  "train_acc": {
    "mean": 0.9638562318665377,
    "std": 0.011318296183500044
  },
  "mean_train_val_gap": 0.10903601358202772,
  "elapsed_sec": 400.864351272583
}