{
  "model": "snn",
  "n_classes": 5,
  "folds": 5,
  "epochs": 30,
  "data_source": "C:\\Users\\Neko\\Documents\\neko142-essay\\30_SRTP\\SCG-CNN-on-Anlogic-EG4S20\\data_excl150_5class\\all.npz",
  "fold_results": [
    {
      "fold": 0,
      "val_subjects": [
        "b001",
        "b011",
        "b012",
        "b015"
      ],
      "n_train": 38033,
      "n_val": 10806,
      "best_val_acc": 0.7604108828428651,
      "best_train_acc": 0.9443359375,
      "train_val_gap": 0.18392505465713493,
      "per_class_acc": [
        0.9812487532415719,
        0.7063253012048193,
        0.7590855803048066,
        0.44452887537993924,
        0.33264033264033266
      ],
      "per_class_f1": [
        0.9132089482966675,
        0.6864251738016831,
        0.729988726042841,
        0.5058365758754864,
        0.42761692650334077
      ],
      "confusion_matrix": [
        [
          4919,
          5,
          41,
          34,
          14
        ],
        [
          99,
          938,
          233,
          7,
          51
        ],
        [
          308,
          96,
          1295,
          1,
          6
        ],
        [
          206,
          236,
          38,
          585,
          251
        ],
        [
          228,
          130,
          235,
          370,
          480
        ]
      ]
    },
    {
      "fold": 1,
      "val_subjects": [
        "b002",
        "b016",
        "b018",
        "b019"
      ],
      "n_train": 37918,
      "n_val": 10921,
      "best_val_acc": 0.6835454628697005,
      "best_train_acc": 0.926784206081081,
      "train_val_gap": 0.2432387432113805,
      "per_class_acc": [
        0.955047619047619,
        0.3554891710231516,
        0.429573348918761,
        0.5030864197530864,
        0.4437735849056604
      ],
      "per_class_f1": [
        0.866499611163916,
        0.49148167268972637,
        0.5187014820042343,
        0.48875562218890556,
        0.415547703180212
      ],
      "confusion_matrix": [
        [
          5014,
          28,
          55,
          92,
          61
        ],
        [
          254,
          476,
          257,
          275,
          77
        ],
        [
          276,
          29,
          735,
          115,
          556
        ],
        [
          380,
          36,
          5,
          652,
          223
        ],
        [
          399,
          29,
          71,
          238,
          588
        ]
      ]
    },
    {
      "fold": 2,
      "val_subjects": [
        "b005",
        "b008",
        "b010",
        "b017"
      ],
      "n_train": 38259,
      "n_val": 10580,
      "best_val_acc": 0.7041587901701323,
      "best_train_acc": 0.9090289429530202,
      "train_val_gap": 0.2048701527828879,
      "per_class_acc": [
        0.9044222539229672,
        0.6112237998647735,
        0.579957356076759,
        0.3723958333333333,
        0.5068610634648371
      ],
      "per_class_f1": [
        0.8757770103601381,
        0.6835538752362949,
        0.64,
        0.41210374639769454,
        0.4078674948240166
      ],
      "confusion_matrix": [
        [
          4438,
          34,
          94,
          79,
          262
        ],
        [
          55,
          904,
          158,
          220,
          142
        ],
        [
          226,
          166,
          1088,
          51,
          345
        ],
        [
          276,
          26,
          29,
          429,
          392
        ],
        [
          233,
          36,
          155,
          151,
          591
        ]
      ]
    },
    {
      "fold": 3,
      "val_subjects": [
        "b007",
        "b013",
        "b014"
      ],
      "n_train": 40502,
      "n_val": 8337,
      "best_val_acc": 0.7538682979489025,
      "best_train_acc": 0.921182753164557,
      "train_val_gap": 0.16731445521565447,
      "per_class_acc": [
        0.941910705712914,
        0.5850840336134454,
        0.6631578947368421,
        0.5881731784582893,
        0.4127290260366442
      ],
      "per_class_f1": [
        0.8775578664877558,
        0.6268992684299382,
        0.699700982486117,
        0.5689479060265578,
        0.5172205438066465
      ],
      "confusion_matrix": [
        [
          3924,
          19,
          50,
          103,
          70
        ],
        [
          258,
          557,
          63,
          15,
          59
        ],
        [
          241,
          91,
          819,
          66,
          18
        ],
        [
          241,
          99,
          7,
          557,
          43
        ],
        [
          113,
          59,
          167,
          270,
          428
        ]
      ]
    },
    {
      "fold": 4,
      "val_subjects": [
        "b003",
        "b004",
        "b009"
      ],
      "n_train": 40644,
      "n_val": 8195,
      "best_val_acc": 0.7649786455155583,
      "best_train_acc": 0.9423457278481012,
      "train_val_gap": 0.17736708233254295,
      "per_class_acc": [
        0.961218836565097,
        0.7610526315789473,
        0.6913779210314263,
        0.5357894736842105,
        0.33425669436749766
      ],
      "per_class_f1": [
        0.8846911577239541,
        0.7667020148462355,
        0.7626666666666667,
        0.5487870619946091,
        0.4090395480225989
      ],
      "confusion_matrix": [
        [
          3817,
          22,
          34,
          46,
          52
        ],
        [
          129,
          723,
          19,
          10,
          69
        ],
        [
          199,
          103,
          858,
          2,
          79
        ],
        [
          299,
          16,
          1,
          509,
          125
        ],
        [
          214,
          72,
          97,
          338,
          362
        ]
      ]
    }
  ],
  "val_acc": {
    "mean": 0.7333924158694317,
    "std": 0.0370346891531065,
    "min": 0.6835454628697005,
    "max": 0.7649786455155583
  },
  "train_acc": {
    "mean": 0.9287355135093519,
    "std": 0.014813945082521896
  },
  "mean_train_val_gap": 0.19534309763992014,
  "mean_per_class_f1": [
    0.8835469188064863,
    0.6510124010007756,
    0.6702115714399718,
    0.5048861824966506,
    0.43545844326736294
  ],
  "macro_f1": {
    "mean": 0.6290231034022494,
    "std": 0.04846084098876979
  },
  "elapsed_sec": 677.5543370246887
}