{
  "ssl_ckpt": "model\\ckpt\\ssl_ssl_mixed_gpu.pt",
  "folds": 5,
  "epochs": 30,
  "freeze_epochs": 5,
  "fold_results": [
    {
      "fold": 0,
      "val_subjects": [
        "b001",
        "b011",
        "b012",
        "b015"
      ],
      "n_train": 45266,
      "n_val": 12740,
      "best_val_acc": 0.8354788069073783,
      "best_train_acc": 0.9450905539772727,
      "train_val_gap": 0.1096117470698944,
      "per_class_acc": [
        0.9180028679442055,
        0.7036894696387395,
        0.7178759627077422
      ],
      "confusion_matrix": [
        [
          7042,
          226,
          403
        ],
        [
          482,
          1831,
          289
        ],
        [
          524,
          172,
          1771
        ]
      ]
    },
    {
      "fold": 1,
      "val_subjects": [
        "b002",
        "b016",
        "b018",
        "b019"
      ],
      "n_train": 45096,
      "n_val": 12910,
      "best_val_acc": 0.8261037955073587,
      "best_train_acc": 0.9457120028409091,
      "train_val_gap": 0.11960820733355038,
      "per_class_acc": [
        0.9392870638619474,
        0.6325369738339022,
        0.6598114824335904
      ],
      "confusion_matrix": [
        [
          7457,
          245,
          237
        ],
        [
          807,
          1668,
          162
        ],
        [
          744,
          50,
          1540
        ]
      ]
    },
    {
      "fold": 2,
      "val_subjects": [
        "b005",
        "b008",
        "b010",
        "b017"
      ],
      "n_train": 45166,
      "n_val": 12840,
      "best_val_acc": 0.7855140186915888,
      "best_train_acc": 0.8955078125,
      "train_val_gap": 0.10999379380841123,
      "per_class_acc": [
        0.874054462934947,
        0.7280334728033473,
        0.5220588235294118
      ],
      "confusion_matrix": [
        [
          6933,
          345,
          654
        ],
        [
          42,
          2088,
          738
        ],
        [
          749,
          226,
          1065
        ]
      ]
    },
    {
      "fold": 3,
      "val_subjects": [
        "b007",
        "b013",
        "b014"
      ],
      "n_train": 48226,
      "n_val": 9780,
      "best_val_acc": 0.6563394683026584,
      "best_train_acc": 0.9544755651595744,
      "train_val_gap": 0.298136096856916,
      "per_class_acc": [
        0.921290959986827,
        0.09935897435897435,
        0.3476839237057221
      ],
      "confusion_matrix": [
        [
          5595,
          113,
          365
        ],
        [
          265,
          186,
          1421
        ],
        [
          595,
          602,
          638
        ]
      ]
    },
    {
      "fold": 4,
      "val_subjects": [
        "b003",
        "b004",
        "b009"
      ],
      "n_train": 48270,
      "n_val": 9736,
      "best_val_acc": 0.8084428923582581,
      "best_train_acc": 0.9331781914893617,
      "train_val_gap": 0.1247352991311036,
      "per_class_acc": [
        0.9222910735220231,
        0.6861391396707381,
        0.5696068012752391
      ],
      "confusion_matrix": [
        [
          5507,
          210,
          254
        ],
        [
          474,
          1292,
          117
        ],
        [
          571,
          239,
          1072
        ]
      ]
    }
  ],
  "val_acc": {
    "mean": 0.7823757963534484,
    "std": 0.07298384335246583,
    "min": 0.6563394683026584,
    "max": 0.8354788069073783
  },
  "train_acc": {
    "mean": 0.9347928251934235,
    "std": 0.023230374380855973
  },
  "mean_train_val_gap": 0.15241702883997513,
  "elapsed_sec": 280.53269815444946
}