{
  "ssl_ckpt": "model\\ckpt\\ssl_ssl_cebs.pt",
  "folds": 5,
  "epochs": 30,
  "freeze_epochs": 5,
  "fold_results": [
    {
      "fold": 0,
      "val_subjects": [
        "b001",
        "b011",
        "b012",
        "b015"
      ],
      "n_train": 45266,
      "n_val": 12740,
      "best_val_acc": 0.8573783359497645,
      "best_train_acc": 0.9550559303977273,
      "train_val_gap": 0.09767759444796276,
      "per_class_acc": [
        0.9204797288489115,
        0.7905457340507303,
        0.7316578840697203
      ],
      "confusion_matrix": [
        [
          7061,
          197,
          413
        ],
        [
          418,
          2057,
          127
        ],
        [
          545,
          117,
          1805
        ]
      ]
    },
    {
      "fold": 1,
      "val_subjects": [
        "b002",
        "b016",
        "b018",
        "b019"
      ],
      "n_train": 45096,
      "n_val": 12910,
      "best_val_acc": 0.8218435321456236,
      "best_train_acc": 0.9565207741477273,
      "train_val_gap": 0.13467724200210374,
      "per_class_acc": [
        0.9135911323844312,
        0.7171027682973076,
        0.6281062553556127
      ],
      "confusion_matrix": [
        [
          7253,
          481,
          205
        ],
        [
          624,
          1891,
          122
        ],
        [
          735,
          133,
          1466
        ]
      ]
    },
    {
      "fold": 2,
      "val_subjects": [
        "b005",
        "b008",
        "b010",
        "b017"
      ],
      "n_train": 45166,
      "n_val": 12840,
      "best_val_acc": 0.7769470404984423,
      "best_train_acc": 0.9169256036931818,
      "train_val_gap": 0.13997856319473945,
      "per_class_acc": [
        0.8493444276348966,
        0.7656903765690377,
        0.5112745098039215
      ],
      "confusion_matrix": [
        [
          6737,
          432,
          763
        ],
        [
          10,
          2196,
          662
        ],
        [
          655,
          342,
          1043
        ]
      ]
    },
    {
      "fold": 3,
      "val_subjects": [
        "b007",
        "b013",
        "b014"
      ],
      "n_train": 48226,
      "n_val": 9780,
      "best_val_acc": 0.7276073619631902,
      "best_train_acc": 0.950423869680851,
      "train_val_gap": 0.22281650771766082,
      "per_class_acc": [
        0.9219496130413305,
        0.4813034188034188,
        0.3356948228882834
      ],
      "confusion_matrix": [
        [
          5599,
          198,
          276
        ],
        [
          404,
          901,
          567
        ],
        [
          621,
          598,
          616
        ]
      ]
    },
    {
      "fold": 4,
      "val_subjects": [
        "b003",
        "b004",
        "b009"
      ],
      "n_train": 48270,
      "n_val": 9736,
      "best_val_acc": 0.8101889893179951,
      "best_train_acc": 0.9535405585106383,
      "train_val_gap": 0.14335156919264325,
      "per_class_acc": [
        0.8844414670909395,
        0.7318109399893786,
        0.6530286928799149
      ],
      "confusion_matrix": [
        [
          5281,
          354,
          336
        ],
        [
          432,
          1378,
          73
        ],
        [
          404,
          249,
          1229
        ]
      ]
    }
  ],
  "val_acc": {
    "mean": 0.7987930519750032,
    "std": 0.0490868572082104,
    "min": 0.7276073619631902,
    "max": 0.8573783359497645
  },
  "train_acc": {
    "mean": 0.9464933472860252,
    "std": 0.016682556552611062
  },
  "mean_train_val_gap": 0.147700295311022,
  "elapsed_sec": 1087.7762351036072
}