{
  "tag": "snn_mm_h32t16_aligned_fold1",
  "best_val_acc": 0.9442745903597191,
  "best_epoch": 38,
  "tau_int_at_best": [
    -1,
    8,
    9,
    -6,
    5
  ],
  "tau_float": [
    -0.9124935269355774,
    7.8818864822387695,
    8.588658332824707,
    -6.384581565856934,
    5.422607898712158
  ],
  "shift_max_train": 15,
  "holdout_subjects": [
    "sub008",
    "sub010",
    "sub012",
    "sub017",
    "sub018",
    "sub031",
    "sub033",
    "sub038"
  ],
  "n_train_windows": 161142,
  "n_val_windows": 41866,
  "confusion_matrix": [
    [
      25771,
      142,
      499
    ],
    [
      235,
      8116,
      227
    ],
    [
      945,
      285,
      5646
    ]
  ],
  "H": 32,
  "T": 16,
  "epochs": 50,
  "seed": 42
}