{
  "tag": "snn_mm_h32t16_aligned",
  "best_val_acc": 0.948120764017252,
  "best_epoch": 42,
  "tau_int_at_best": [
    4,
    5,
    5,
    6,
    13
  ],
  "tau_float": [
    4.476195812225342,
    4.615543365478516,
    5.341338157653809,
    6.280752658843994,
    13.486743927001953
  ],
  "shift_max_train": 15,
  "holdout_subjects": [
    "sub003",
    "sub006",
    "sub009",
    "sub013",
    "sub020",
    "sub021",
    "sub024",
    "sub026"
  ],
  "n_train_windows": 162433,
  "n_val_windows": 40575,
  "confusion_matrix": [
    [
      24975,
      128,
      612
    ],
    [
      102,
      8032,
      153
    ],
    [
      508,
      602,
      5463
    ]
  ],
  "H": 32,
  "T": 16,
  "epochs": 50,
  "seed": 42
}