{
  "tag": "snn_mm_h32t16_dropout",
  "best_val_acc": 0.927516943930992,
  "best_epoch": 58,
  "tau_int_at_best": [
    1,
    7,
    -2,
    -4,
    12
  ],
  "tau_float": [
    1.1269983053207397,
    6.532900810241699,
    -2.4331018924713135,
    -4.171602249145508,
    12.496740341186523
  ],
  "shift_max_train": 15,
  "p_drop_train": 0.5,
  "holdout_subjects": [
    "sub003",
    "sub006",
    "sub009",
    "sub013",
    "sub020",
    "sub021",
    "sub024",
    "sub026"
  ],
  "n_train_windows": 162433,
  "n_val_windows": 40575,
  "confusion_matrix": [
    [
      24734,
      157,
      824
    ],
    [
      201,
      7848,
      238
    ],
    [
      931,
      590,
      5052
    ]
  ],
  "H": 32,
  "T": 16,
  "epochs": 60,
  "seed": 42
}